,closest_p0,closest_d0,closest_p1,closest_d1,closest_p2,closest_d2,closest_p3,closest_d3,closest_p4,closest_d4,closest_p5,closest_d5,closest_p6,closest_d6,closest_p7,closest_d7,closest_p8,closest_d8,closest_p9,closest_d9,guess,act
0,150,951.0941919308625,145,1075.8399472550727,150,1082.070051679535,102,1129.707429605472,199,1214.4679760680092,110,1401.7417514969745,106,1440.2257209130057,199,1481.529848615597,130,1481.646236654059,130,1599.6180131880737,142.10,190
1,125,102.70094389853467,199,125.21868496978026,120,141.0753068070998,145,155.27135597133352,128,163.9780915039008,140,180.92079919480528,135,187.51161099867906,150,213.3900939495292,135,218.9666516996363,114,231.0395233857873,139.10,120
2,150,43.192549408937865,150,78.0393295876431,158,104.49549951237154,150,132.57920180083073,110,147.38758781756803,144,165.02488615598608,174,169.7624541002328,180,195.8561436659411,150,196.85919824035557,110,198.5933222117565,147.60,150
3,125,229.9161926565409,115,426.8376790578657,159,448.39399285237096,125,578.2584435258768,115,678.2516170212989,129,799.1217821455738,120,1035.1989852172564,120,1157.5641333988358,104,1162.5952787383937,108,1301.0941079963873,122.00,175
4,104,102.55376539803031,115,164.07479485260208,125,298.1695892627635,105,346.6028168045602,195,348.57763204919337,135,374.1226924597464,180,381.200432576078,165,396.9208328786715,125,405.6982600559009,150,413.84358310188895,139.90,150
5,109,44.79398094662809,175,313.52171663732764,175,517.3843633732494,130,573.0692386126751,135,622.773361671672,113,630.3736791680785,175,630.6785377164982,143,758.162162999099,110,801.4936856443054,110,910.426212279233,137.50,150
6,195,167.1124900328625,150,169.72975259393323,120,176.34672983048006,127,215.79698719163713,115,241.67719802076962,135,254.30095629659698,130,254.41422135316222,110,257.20618276486994,164,281.8968387030917,150,283.29873533002745,139.60,102
7,125,402.3652049926471,199,422.2431388335919,199,441.8313719882666,101,453.4653921118863,120,501.9787243903131,199,565.577973024632,119,807.2832845662142,139,837.2423204909779,110,995.9278752723264,199,1110.2082144199715,151.00,115
8,148,184.2120601439229,110,334.52550567129776,125,484.2881076786734,110,665.6159972307063,150,679.1366586870038,127,761.6544019330394,125,774.6178493258868,159,779.6244250516096,185,786.4640575843919,125,789.6255466147646,136.40,195
9,140,109.29493079597394,150,146.59966280908046,175,163.57497290091268,175,164.27797778034267,128,207.0965710600134,159,254.56089990281404,125,254.8536338956311,119,301.39218354147425,145,337.53119178172193,140,341.9647960743233,145.60,150
10,168,242.93058639904507,195,243.08590572958576,195,278.52859623675397,145,294.0672590654601,150,324.0514208675986,120,333.83368630796355,129,334.0517560483965,107,345.87418243357513,149,357.12963956237525,129,359.42841536377205,148.70,172
11,165,189.6167101163832,105,462.24107419602876,120,704.0172199845415,199,773.2465149091837,130,875.2423201165429,120,1037.8911375875598,130,1081.0055762100083,150,1143.211547226348,134,1239.9494088870026,139,1289.136339319547,139.20,129
12,155,125.4343127490252,135,159.71265055437362,150,211.09737090996518,150,243.01273882568248,145,285.98216904817724,145,336.9806337938824,140,423.15980619712514,129,429.72662786979214,175,446.18682325385544,199,491.33676471074403,152.30,150
13,115,343.1801863629683,179,344.31088290645107,160,346.24936812516813,128,368.5494035233114,165,400.60636988459146,120,457.75881581306334,180,497.70263920831445,135,596.4539577693871,140,600.4120899248137,122,641.3825121677598,144.40,110
14,138,263.0176942328196,115,300.08541124661673,160,336.8469239372997,120,345.2443207287456,150,615.2915017883035,150,637.9873701665614,119,681.1290320095289,109,684.3980987027128,140,684.5164207010454,101,844.6629306085692,130.20,125
15,125,701.5067176958772,187,898.618183884051,199,1399.9169732364708,130,1675.865275157473,180,1934.478041012382,150,2024.5812342506135,144,2063.5396643366116,128,2097.533140659351,190,2204.9935097751695,175,2291.444939763284,160.80,175
16,135,130.08039429089712,140,133.9183538928912,145,159.71280058093262,150,179.4225483476693,135,202.16122597060456,176,256.89332539692623,110,272.2874090492785,125,283.2095264678175,175,295.4326668196868,128,295.8335579714408,141.90,157
17,127,149.97862509659447,120,172.33563349120928,195,185.7976032797156,150,210.58043754479752,150,218.36326395475015,165,219.85394860799505,199,250.38112551257635,102,256.50040742586657,145,269.07268121317384,150,269.5364249760487,150.30,150
18,189,91.24840157048106,165,226.42920786472882,120,263.80142305356185,180,329.7876163558151,119,360.72410076076386,165,372.6792355980573,108,390.0254218864184,145,447.30925989575144,115,470.6591107426174,160,475.4646350998185,146.60,165
19,135,105.8955905528635,175,326.8736463616694,130,393.60198725700303,109,484.52313025786884,150,517.3843633732494,159,540.1587125814908,135,573.1158299330431,175,579.5921089938076,175,731.1238152654795,110,816.2517994353226,145.30,175
20,122,77.40012017450266,160,82.15641659630889,149,169.02763558095546,169,169.51646519522316,133,193.88621627697773,199,212.06106924620053,179,214.52764790400695,199,226.18821041445702,145,228.39098790401374,109,250.1092197449256,156.40,199
21,109,96.89253089060715,128,105.13372690988471,150,130.3154044273223,150,144.424321938242,199,145.1437165326715,150,162.217337049604,120,162.53317709285906,169,243.68902599116947,125,244.7151246197114,185,250.25209788760088,148.50,179
22,125,23.24461166500878,102,36.23664827961828,180,44.92283026515717,165,49.68256589802686,180,59.89116224194881,139,75.27977225531237,169,87.94765022519083,150,114.48803738300062,170,118.0793320489858,185,121.20745957053899,156.50,150
23,110,59.17747898908668,105,170.41558489002335,119,189.27284587702815,120,198.8328129804757,120,204.96322504044898,105,217.6145256807885,123,237.21189334172374,115,258.0152298839773,105,269.1499094398029,102,303.51442802276534,112.40,140
24,115,837.2423204909779,105,847.880871353733,125,985.5685578330446,113,1006.2750632490456,120,1026.4990326150992,150,1027.1621121459486,199,1169.3424315757989,199,1237.9790982366465,101,1287.7808008955562,199,1335.3863396653728,142.60,139
25,175,100.1377891735901,175,104.17409722473296,150,146.59966280908046,110,226.47122241208274,199,228.49562134855097,140,233.48676605834984,125,249.36808445638434,140,312.26491289242597,175,313.4924397122085,128,326.7306180124309,151.70,150
26,150,178.34134829503816,110,306.63666038774613,110,400.99827041936663,199,457.26841343757195,120,506.98744934561745,140,512.2774455929517,165,626.2988189306906,150,626.4307497698165,190,630.6054228585106,110,636.902689360582,144.40,120
27,137,40.62624302865885,119,183.3813889510973,135,224.5820361047884,162,227.10801406215455,141,309.1400339688152,120,361.3812384862384,169,385.9723898649774,115,417.97860600940976,120,433.7343026540585,151,466.91067940405054,136.90,150
28,134,55.12015741467208,110,85.29427156634154,150,108.4644221170745,145,168.7938462709877,130,168.90902295306134,114,239.50148680667928,145,264.86048606385066,115,275.3925448453984,180,290.6373968356064,125,313.1935884796787,134.80,119
29,145,53.82578025218152,150,142.05855167481263,135,148.9701735831299,150,166.2688955770693,155,207.2291967924319,199,212.31531827249546,129,262.2456705472171,150,285.98216904817724,140,316.25995661307206,175,317.93282007442883,152.80,145
30,120,199.1891809018013,199,410.8830155373226,135,434.1322452799845,150,444.36298750104584,150,506.3290825485751,119,593.6179103928356,164,640.2742393501329,195,642.6780000483512,150,649.1626876767364,125,650.5941775826296,150.70,125
31,120,147.41128841547254,145,181.79036445266794,160,295.73927734501495,113,310.9757052976234,150,466.06882502479084,175,586.6685928001614,120,609.9580795195861,125,633.3393592062241,195,676.7506695772896,104,793.8775025896593,140.70,199
32,120,490.450482013778,139,537.4609592303555,129,773.2465149091837,109,809.8254236382917,120,935.3847226658316,165,959.5892741760118,105,1025.8434058063028,124,1319.2553425441654,147,1361.681610666817,134,1372.339614021458,129.20,199
33,109,240.88033965738813,125,263.0262146549671,150,316.6007825433966,122,327.80388075244605,135,371.0332874143502,150,466.86918945924134,125,541.4844391992187,199,547.1551341030287,125,615.9043191796894,127,643.085584672871,136.70,145
34,195,494.1079300384684,150,580.5991595668818,199,639.1688047547052,135,899.4485299419107,150,991.9651594042808,150,1599.9699262676972,139,1645.9863245978102,114,1765.609910444142,175,3204.777735123498,144,3363.8680851291683,155.10,150
35,125,27.6251034126004,106,34.589555904319724,140,40.40967555224712,185,41.980748662720465,122,42.13389390777975,158,52.576804513931286,175,54.94866260518925,185,72.35483032486823,185,79.35967392711872,107,91.19141858841458,148.80,185
36,119,33.71353057360777,140,64.30696315651998,159,66.70613948990753,135,82.78686731803927,145,322.18838389767967,195,433.9483151305939,149,476.48661511820484,195,518.0523088078885,199,529.727842992654,150,530.6560257472332,158.60,110
37,150,95.66628483946302,129,136.3102287753846,168,136.40638691028403,186,141.1299393603081,120,150.42815175797287,149,195.0828786980019,105,219.93025289731975,145,234.9955372073686,124,241.23614635709856,180,366.8851073839973,145.60,163
38,199,48.59095946075653,139,49.118562968171176,115,86.64937831936396,159,123.6749538124749,115,183.36433291750467,133,202.55891816635412,125,233.848674085364,128,260.0855488419015,120,283.6409679499638,110,291.0794394372184,134.30,199
39,150,43.192549408937865,158,69.17826086661199,150,90.47503135925696,150,101.0061918897889,110,105.05975395820838,180,153.5713709414253,120,180.2584762121786,150,191.8724584102227,174,198.3158440960883,150,200.8479561084832,149.20,150
40,110,219.55439333848085,124,273.56146516348394,124,426.72249944446907,174,490.02735035233627,109,585.4076283765588,160,695.794526976037,129,709.540046725082,119,729.4828252770312,145,733.0293071062337,131,737.4353912653252,132.50,128
41,125,114.84197951732683,105,137.97003052181566,110,162.3196135222631,147,219.2776999985239,150,230.5703778442524,114,250.43705428043688,129,265.77567216092996,134,295.34380711329516,124,299.4669037845235,129,310.507642956119,126.70,150
42,118,56.038777124909274,184,74.7880113219418,145,115.7990487530765,153,136.06497847239976,135,175.6490660327549,180,180.15832183772275,115,180.38548974203928,125,183.56124559935225,150,190.0539128208683,199,211.31377504465854,150.40,149
43,133,195.0238131835944,199,198.88540615024576,125,231.0620959877689,169,262.6619783230331,101,296.61864243272356,120,304.1109129420903,140,312.55021312578765,149,360.5560365771904,150,409.4163102651395,101,416.62425161284415,138.70,113
44,150,96.23982935429552,180,142.56149817699495,169,180.92013522901414,120,233.72359518013673,151,290.65859351592826,107,328.0190125364874,151,330.3351914176813,122,363.4682401444398,150,495.56627155926617,125,523.2060439770598,142.50,150
45,124,195.01144183864926,150,232.42943166218708,176,235.5648490919776,139,237.24929857776456,108,242.37940521854344,157,272.2874090492785,189,340.2731891004332,135,350.1477570295718,140,356.0818363361979,108,364.5644270449607,142.60,110
46,107,66.19292881373049,110,71.28768684234389,185,81.95159729004358,125,90.26500234702935,195,98.88636112408723,185,98.90848178665374,175,114.75957723081599,185,116.73255397643052,106,120.60680227531869,195,124.81568493692815,156.80,129
47,120,21.882691669699973,169,73.62551442935478,136,95.69474122818026,199,120.35242328376847,150,253.2445226557122,110,254.4718420583571,198,260.43278778613166,109,350.6671887540339,199,366.01014883930134,110,374.68676792983746,150.00,199
48,150,193.74930988753326,165,228.60550111070904,108,242.73102688348902,115,252.091847054382,149,305.4384069556707,125,308.9645931425873,145,315.56257955792796,125,339.0093192411907,120,345.72086245067504,120,355.3650699596625,132.20,195
49,120,97.14191357964212,199,175.67026980478852,150,185.7976032797156,150,211.25091346215882,135,224.450108631232,145,229.9339296761472,145,250.4456974567885,149,265.3205018426061,125,266.35747360204726,150,278.9111733273103,146.80,195
50,101,87.00929838828615,150,98.94462518958842,120,120.31949896725452,119,157.0322188581718,125,183.9958538547476,160,206.6508157397877,150,260.335499099413,114,306.02918479611947,135,311.6207835452572,150,326.16439755902843,132.40,138
51,117,18.495446492802195,103,26.5522982912127,111,33.27827936743001,105,41.018953482437006,109,42.40831706338433,111,43.606004310850594,103,52.785079651721205,105,57.83665127005303,107,80.67544173722152,105,113.8417869248263,107.60,102
52,189,375.420045258548,110,896.9425592749924,109,1443.2878716148275,140,1741.539462039972,139,1814.7145211138434,149,2327.0035113605004,110,2505.975825531539,119,2584.476629348136,115,2620.727811460121,120,2924.046646378403,130.00,115
53,184,73.63284569414063,195,78.02268840508236,150,228.7100653775469,199,266.48218224092426,122,334.14729561179655,175,336.39106558010616,199,391.47894911192424,130,399.65260329507635,157,437.88150099707684,144,525.8274449004728,165.50,179
54,169,255.60379028623748,178,555.3939538377982,129,1011.5792806774389,175,1216.8574174050514,119,1425.80227234871,150,1463.377663932917,139,1480.0531054647972,108,1507.7692842648632,150,1524.0395916273983,160,1605.4833305400819,147.70,175
55,111,18.836783836169232,135,28.594224380275854,111,110.25801596555803,190,334.5160669942731,189,355.38522628147047,138,359.075011382353,199,372.429527609745,177,399.15834639115945,166,399.7254774225159,130,401.6831385597181,154.60,123
56,105,78.89441477547584,165,211.19175972065437,150,213.98868946403687,135,234.35905353912105,125,268.161572868644,175,310.2189655909857,140,331.0939312730302,120,375.68092012250315,135,398.71419048093884,125,401.17179438335717,137.50,115
57,150,110.72709252062496,149,189.9275555062344,150,268.19359512248707,160,270.46719747365245,108,288.01038371778606,140,294.17702145988704,195,308.9645931425873,122,312.6960765292219,110,314.7039537945016,191,359.8087713275753,147.50,125
58,175,93.05289254476145,125,179.4979291091243,174,183.81612119235186,160,195.5344172112303,119,218.96526831929341,165,221.1799953226669,120,226.55815246658813,180,246.70609298632226,145,313.4392686137349,115,321.10451707268766,147.80,115
59,113,202.35330402219031,129,379.9556899647252,175,446.76367075589536,106,527.9571726792173,135,555.7307334432209,150,630.6785377164982,109,653.9164278590105,175,731.1238152654795,135,783.6062884926777,135,937.7158304551677,136.20,175
60,160,93.23301080440667,193,124.72631035477463,125,158.56415259346892,199,180.02155514703375,120,226.33433150461428,175,253.98235209742003,110,254.87017923893663,105,269.27703387016214,149,270.6504053836442,175,309.89400567051206,151.10,150
61,145,58.50439134599635,149,75.32895616218329,170,79.22773526496175,135,87.00742047678527,199,87.52064743861247,150,100.6820795683265,150,101.7166760690376,190,103.94942561199981,125,114.29428556369766,120,114.36408399619867,153.30,150
62,195,158.64710016442658,125,228.332875976263,129,251.91285943757364,125,274.39628648328033,120,292.32469443278933,174,296.70772739308495,114,305.8721798236714,150,307.7738359366788,110,329.0950965402036,170,336.6404634324351,141.20,150
63,110,174.0523929448922,119,366.4118764388231,149,546.2974098071799,199,578.4017735687676,130,672.1323314523152,199,689.7589192173399,199,710.6124715049076,101,833.596641609637,110,875.3002284113484,115,1110.2082144199715,143.10,199
64,125,21.872086526330623,150,107.48622775061929,150,176.75429787537055,140,179.29013959301895,160,193.51364442793343,109,194.67580537971412,160,209.41541950179834,149,297.6882827084306,169,320.0529764173453,110,446.3182610245943,142.20,115
65,140,208.42647448093874,119,276.64492375304394,120,334.33419923264864,109,334.95900923148025,101,346.6305458181516,115,419.8005448576796,102,447.00190028575764,150,454.6438820697054,181,463.94545860383573,160,466.32270168075854,129.70,150
66,120,59.23801363951339,116,62.5356740582815,118,70.1708908019301,119,135.98663398907252,140,168.7843995686157,105,170.0912732516451,150,210.99461970483583,102,222.94890764571053,109,241.36592061085878,120,254.2731087022132,119.90,120
67,199,79.63665002561643,150,103.85106794346036,180,142.74476332766298,150,167.21532512742007,110,169.17228904085619,150,193.8068726374801,115,206.66133174388136,115,250.40450786944774,150,271.6665737160307,165,280.03892890044654,148.40,150
68,120,103.07196768316189,140,128.38399124774705,101,137.22548311864398,155,162.80134320284486,150,173.12604020684202,175,219.93883485489624,180,221.2026113531497,129,256.1958244406657,129,264.0776335329502,150,265.2636294893516,142.90,175
69,176,78.11730347325044,150,141.85122974015067,189,165.44347457969525,110,195.01144183864926,108,277.29184771968164,157,300.69605040367094,193,325.6843157346851,199,372.12660029676323,150,391.860079008512,160,393.58739630607215,159.20,124
70,199,76.10870218654054,113,195.0238131835944,101,259.1934429198671,140,276.94473465365405,169,288.15097573079316,125,323.13940107498735,129,437.78113342340225,118,460.4167863930217,120,477.14658428562916,101,480.81899471124956,131.50,133
71,160,32.5815753581222,115,59.54141727040609,108,125.71252904300998,108,130.0428070217936,180,135.38509133090105,125,139.34334679359,160,220.3032950620707,174,229.0082536690158,120,235.3080120776919,115,313.4392686137349,136.50,145
72,150,191.62859296593302,115,213.42566074452384,180,244.65275433941545,119,264.86048606385066,130,286.504166388828,172,294.0672590654601,134,319.9801777373238,110,322.1563823405193,168,359.8262477855835,145,429.11330148429494,142.30,145
73,195,93.69078190581502,150,115.12272956037457,120,118.03024620333812,170,120.84486862814258,153,177.1389027067658,154,202.48270715692436,150,251.91285943757364,139,320.62696975483806,125,335.37617538694315,144,338.63859667742383,150.00,129
74,175,202.35330402219031,129,428.15060600092664,175,545.4225321270238,106,573.1680354336628,135,590.4246652005548,150,630.3736791680785,109,664.3353850571884,175,862.197634313368,134,889.4206355110264,145,902.183569491659,143.30,113
75,121,31.264078178441476,190,99.33910408485372,108,753.8123734593569,110,855.813165216586,166,888.5627512360875,120,913.925246926817,155,1039.1828977669143,125,1094.5970217307636,108,1303.7551843826686,115,1308.457253681513,131.80,128
76,102,101.39779131011801,181,143.98908905402277,109,195.81724888631254,110,328.35510905637636,150,346.6305458181516,149,414.3755723211587,140,522.6636213686267,175,551.8400720614492,120,554.0595292254714,119,557.4665474207139,135.50,101
77,150,33.999117236004295,125,65.63661830767447,199,146.08988949267874,120,152.82543688243493,199,178.4336565297018,199,202.12727394618878,169,222.683274283691,139,254.51596613858135,103,263.95652345019334,150,268.3302981762555,155.30,150
78,155,14.566144399092114,135,16.805239432721187,117,19.012818824685283,149,26.30652387004956,122,74.78907444177544,199,75.56946629291049,158,90.1324075933105,114,90.40548371610183,124,92.57728911897534,185,93.75057377199167,145.80,123
79,135,25.073119606201793,145,25.840867307975383,157,133.9183538928912,135,143.85691258464433,125,164.45248241236706,120,180.92079919480528,128,190.84472412322765,140,248.70987949420058,150,263.7617549648547,150,276.8651811746194,138.50,140
80,150,283.2972814454335,120,561.6651266400838,102,664.4288166812479,189,707.3905350309769,110,820.1382330053387,189,833.1884050387035,111,1000.3704958856581,107,1002.4050028544658,105,1003.5766948343452,103,1014.7941453115499,128.60,106
81,150,112.76578933601476,110,126.20194176336804,119,168.90902295306134,150,184.82917738609703,134,186.9216971363152,102,254.41422135316222,145,286.504166388828,145,289.03227299828893,120,373.48682510281964,115,398.4822535876487,129.00,130
82,111,37.348657363857676,117,40.464055550174464,102,41.018953482437006,105,53.228003235199196,103,55.01392206344104,111,73.24640763843588,109,74.58503634020394,105,86.61910168008332,103,93.04479726201203,107,120.19804447749482,107.30,105
83,199,73.62551442935478,120,76.70043948673374,136,169.3055272835404,110,185.7505710639988,199,192.12929262483985,199,293.0464446037897,150,317.49974081676277,198,333.85691854325705,110,421.15551467540934,109,424.03824334902544,153.00,169
84,195,130.77736397109013,125,294.741225459153,150,297.2333921547873,110,315.4095351654526,115,337.27809992119137,115,407.78189741901866,120,411.1500770739358,165,426.6768692884829,129,429.4442719716666,125,470.92823352137924,134.90,105
85,120,231.0693630559933,110,242.95872911865604,128,343.8216617928289,199,358.4666180812977,110,403.3231469704437,154,408.8410343620416,160,414.6133211706779,125,499.4578138297898,199,502.1732886886969,120,516.2251978590263,142.50,128
86,103,101.26036261503837,154,116.5937652895633,175,374.80264827353096,108,419.70999110069806,159,437.0638970926318,104,466.29342739681414,137,474.0535350132651,130,492.16017227314813,150,530.083534429122,118,532.8804492536349,133.80,120
87,149,199.32023980720516,160,252.6856113787462,160,353.40259154782393,140,368.0573628532261,150,369.2568047796881,105,424.62082389799565,125,432.2037823571263,119,444.4050891523782,115,446.3182610245943,140,518.8899100630902,136.30,110
88,149,90.38747122882879,140,125.55627532931771,150,173.28835879277713,125,191.26236793095924,115,209.41541950179834,160,220.4979924121629,110,252.6856113787462,109,351.91768878776486,150,377.9840140787811,169,478.20509731013993,137.70,160
89,119,1362.1778755715138,179,1420.3084461319697,150,1435.0950003107148,150,1450.5738423348448,110,1533.1800758430352,142,1562.0622738964853,106,1586.4132303152314,157,1594.5290836515228,125,1596.8776643282788,139,1597.4658144693967,137.70,150
90,120,113.28210329728346,104,171.67702416274338,125,276.39121054943206,120,281.24344072482575,125,289.5743630792886,140,319.8082377125717,120,339.7242612658042,109,373.4159217375614,108,388.1055909739661,110,389.68205246464714,118.10,150
91,109,276.39678886018294,129,344.5769549971283,150,399.90331893120685,150,419.34166491364243,150,439.59826869338553,105,481.5726411561764,113,486.32170041713096,180,492.0963003982652,116,505.47033169622335,129,516.9595456936993,133.10,120
92,199,84.11976119338995,195,210.9798161356129,164,241.75807526139786,102,254.30095629659698,127,262.0426867324983,115,280.7559415643697,120,295.6355791006317,150,320.07597282497704,120,329.82352627609094,119,349.6274805736351,141.10,135
93,135,657.9307640054676,169,705.6109682382503,137,765.5520205941774,150,778.3858992434837,180,779.061864691922,150,786.1048250048849,162,821.5148353338102,107,841.3425711362586,150,873.8086124035331,115,904.5347322266663,145.50,120
94,130,325.6366722401116,130,496.430010040746,150,692.0662012165687,189,830.2668503719394,120,903.6678495160983,129,1022.5645530447551,150,1028.711431931289,106,1090.6318171534517,165,1213.6732420254866,111,1346.4896969475865,138.00,170
95,175,91.20042945697276,107,118.65617216647672,109,128.57206869162607,199,182.29233988017916,144,191.18865148744948,125,194.79307150748,139,201.12552303578553,175,207.0550209369514,125,223.62193616029333,115,225.2285588500617,141.30,115
96,147,41.68960126913108,124,62.35873997249438,157,88.70228112906904,110,93.73561457805741,105,113.64772178129328,134,130.71744756338347,129,166.09505809055082,180,168.32723087234965,124,181.26730687089744,129,186.13338374330385,133.90,114
97,109,85.98654531109482,119,137.20627276246728,170,158.12197159437915,150,209.73127373861698,129,210.5142977432584,105,247.3640581750702,125,268.1817114183574,105,270.06154539243204,135,333.34856511561867,105,346.2378782621477,125.20,120
98,175,19.724300406945208,173,20.63638780725843,191,25.55122174876256,166,51.06049540851072,129,85.81429324135445,125,86.20251352441277,101,96.48447918797217,129,100.82782072283041,105,115.91057803971859,148,129.64039654382606,144.20,170
99,120,10.872431148263056,145,89.72769638091867,139,119.0898494218637,125,124.35387831092878,134,141.9093371376459,125,189.1008940313616,150,192.90420505077557,150,225.5749332594328,135,268.60716189927274,175,269.01069550739555,139.80,175
100,150,190.88145062807124,150,192.06990987017366,130,198.51317114055735,150,200.64893603719736,119,202.96536824579047,130,231.59273580657273,125,235.32696445108974,101,264.33843561974317,125,277.3475600870306,125,282.6231656783321,130.50,145
101,115,78.31900786428332,149,117.70385000655793,145,245.02064785934434,180,300.2758645442135,120,342.26835508110486,116,377.50074649573963,150,413.37422777872985,147,416.59038541109794,129,419.49542822291164,150,457.0203434175515,140.10,129
102,160,521.5173767887152,159,544.2561825968934,199,586.9073738175836,107,648.994262318357,106,799.4360923673728,135,822.6085862195872,129,849.4270384959993,175,1007.1017888444828,135,1044.4214982472142,110,1102.610029256911,141.50,125
103,120,218.65709384342566,150,231.89336524526425,120,306.63666038774613,190,412.10178130068675,199,466.00782695412323,110,477.4905339869367,110,510.7254667642371,125,523.9250349432929,140,568.119382122881,105,624.6768118949033,136.90,110
104,150,62.46134003544825,125,127.53338195089428,135,175.96242309416277,120,177.98832100119938,114,184.08916525731595,151,191.25622535533807,155,205.1302924544609,120,213.3900939495292,135,261.8252358246668,145,263.630615735736,135.00,150
105,120,191.1332788606974,149,285.73113302431824,175,305.7451895915816,160,309.0326310561922,140,324.7928209061255,174,338.6498872063181,110,361.5295057775378,159,363.60446911392603,139,434.2502288291434,120,436.791117783221,144.60,170
106,110,29.208708180423102,135,45.68673547536344,175,59.05959878962052,106,80.82386907838742,175,87.41320827026799,125,98.88630542214021,129,98.90848178665374,190,103.83788002179915,179,105.64294713639798,185,106.3748588106465,150.90,185
107,103,85.94015346676672,120,116.5937652895633,175,321.21228037938926,108,323.99236019157985,104,353.4535380758967,137,367.1678576145974,159,388.1350797486945,118,447.5308787238778,150,472.05942375304573,130,484.3756479925943,130.40,154
108,175,83.62885064227218,175,388.6649644190297,135,435.2399648883589,125,584.6026194696508,170,591.6466310281672,175,691.0356830554173,159,702.6453904883898,199,867.5189621045713,135,867.6328941464743,160,934.5827031778252,160.80,125
109,135,124.41796458976064,120,295.6202549986183,150,373.22271279103796,101,383.111328967668,125,389.4529853720426,175,446.1172037589359,130,515.6389557173206,113,520.1107788598547,160,525.1946795857868,125,533.8577998493914,133.40,143
110,115,115.72858671368951,141,135.82824140614323,119,254.36869721586524,175,301.48024068542725,158,370.92118773474135,162,413.20661891628754,150,433.7343026540585,137,443.99303821480936,135,558.742548007152,151,561.269811164922,144.30,120
111,180,184.0596387168017,124,248.92428332086214,174,298.5540491721646,120,366.4312916399045,199,430.048624749155,159,603.7521396349722,130,629.8907292825874,158,702.3833989516047,119,710.7517769825765,170,723.0772463389117,153.30,135
112,125,102.40232340609172,115,141.32259729928856,116,152.88808594511198,185,175.07837898818786,107,176.21521685578747,199,179.3753508495912,175,209.8803628410959,128,220.39481625309796,111,227.11242865415292,149,231.98231577346635,141.00,195
113,120,572.912344018006,109,583.9190474864259,123,710.9431773946346,120,784.673959423493,189,871.5450301626379,110,906.2342808179436,115,993.6867084719297,120,1028.7063633009827,111,1042.295536430622,195,1048.5131938886168,131.20,125
114,169,164.2008006236044,115,527.8124086441431,128,555.8275998252287,115,618.4754715065251,116,653.5734429118925,170,712.8375853202347,159,755.1937554602089,150,787.3483054112133,150,853.8192584774023,130,925.98727136621,140.20,139
115,105,177.15860476018523,160,385.8942218904259,108,413.68899092884584,175,565.0461332212669,150,606.4304247578929,170,644.1930764299005,150,704.1120878475774,119,938.0256177325,199,1063.807873827931,150,1067.7686630903752,148.60,120
116,175,346.6009118890896,103,376.4414429856006,155,467.9142042048786,150,616.2576297305527,199,625.8152157402633,120,1067.7686630903752,175,1125.6567815720948,105,1200.3917999061457,108,1318.9015959387455,160,1358.7443602622363,145.00,150
117,185,16.346989162591097,185,27.6251034126004,106,48.753323497129536,122,56.32584124722596,175,61.0074040684202,185,65.70914598781246,107,65.87886572254997,140,67.07508865166075,158,76.41781687796323,129,90.26500234702935,149.20,125
118,150,88.74501602178275,150,142.56149817699495,169,174.63154355894338,107,214.20294394250578,120,364.8831154369906,151,433.1546340428779,151,472.2006027229861,122,501.51104356987497,125,554.6113219404929,150,556.1879122039805,139.50,180
119,195,71.46516481791691,115,143.9807019714848,119,236.9754654931866,104,257.81733982399743,182,270.07967817868763,115,274.1744411118896,180,277.1697491054951,105,293.2662807308708,150,298.1695892627635,111,369.1835668502361,137.60,125
120,129,108.70123278530043,140,182.638871571769,175,202.59387773239982,105,230.60586833178252,110,230.89752407758212,150,252.0399775019187,111,281.65421169316,122,296.09084188763126,111,316.6769607457935,119,348.60901259397895,127.20,191
121,107,11.396827867813533,199,74.01144669704621,115,128.57206869162607,115,138.41790067355564,175,202.36724175062602,175,214.3988494442086,125,220.3968466043719,125,236.03020828363287,107,273.85330238346904,139,276.5119318745771,138.20,109
122,199,159.63846695933051,139,182.75809725165948,105,186.4625332388877,120,222.7084246570236,125,224.26038653977497,125,263.2716581827957,179,305.0903230288244,129,305.79359482238465,199,343.04394334346483,154,411.55683030120775,147.40,199
123,135,58.262241638200905,150,125.4343127490252,145,207.2291967924319,150,217.16899419477068,150,232.75367241248696,145,249.07577860237393,199,419.32065420924397,129,419.5580096516308,140,438.89745414604744,175,454.30863204254626,151.80,155
124,141,93.21736263602322,120,284.97007028326044,175,295.81168759171277,150,319.8082377125717,120,344.4599589351269,109,390.98296842078764,125,394.6419082112918,140,399.8327847372377,108,409.9311222723246,150,413.42330547186543,133.80,140
125,120,324.11329035601716,150,325.47826370120634,109,922.858100617522,110,1119.1026634646564,175,1237.459374510267,150,1289.6983745927464,199,1664.7919975148513,150,1874.9599481623106,130,1920.1502611050746,169,2029.337582321992,146.20,135
126,175,23.876508397789095,170,24.731672893783884,150,33.18045808997133,149,41.11682033067389,150,45.41040109623951,145,54.27746267543535,179,63.09224631661661,135,71.65171771201642,125,79.54500455749083,169,97.52488520014312,154.70,190
127,130,444.08684746575244,130,520.0779332137906,170,692.0662012165687,165,954.405595282799,105,1022.3310510029567,190,1082.070051679535,129,1143.211547226348,106,1329.6242863964671,189,1403.4565001771737,150,1412.6104260539544,146.40,150
128,175,91.72213450161004,109,212.06693165809978,157,237.9796672829484,179,247.856080475906,115,298.32855385482804,130,318.2561685895806,165,374.359813650473,199,486.2527352447666,122,486.57678557531716,115,502.7459774343207,146.60,144
129,135,402.6584380478517,106,438.7273144066026,145,482.5833352305341,134,495.1025364552667,129,566.777912414846,159,626.8566327381927,113,922.8221181123893,175,937.7158304551677,110,963.9878814537773,199,1025.1242753264219,140.50,135
130,143,124.41796458976064,120,172.69899149666404,101,309.04999119704866,175,344.22735017807406,150,471.7244997921906,125,506.04251871871134,170,584.1168213297587,130,591.1017356017334,125,608.1920159415089,113,640.3451296999862,135.20,135
131,105,81.6920481174387,185,137.260827683882,113,151.92334081225457,150,241.45412318675676,180,378.6434681250272,116,379.97695577172914,185,388.75589939535257,120,399.90331893120685,110,504.1707052624608,149,594.6202076306259,141.30,150
132,148,301.9481698496409,110,403.01248622333856,119,437.50309638390735,195,484.2881076786734,110,505.56835899064123,159,554.9366161191579,170,593.9484998096875,116,602.6087238042134,150,613.8041738569314,185,653.1002703495923,146.20,125
133,175,78.02278762291562,125,79.94250178041116,155,103.18743548699108,135,127.54066256445692,150,191.4789690983896,151,233.49937236849573,114,264.78655188448414,150,266.06631649719196,150,291.24908791649835,120,317.28728412316866,142.50,107
134,150,97.17968827102811,163,136.40638691028403,120,139.3915660056953,129,152.49971103962378,149,185.21165112273815,186,198.15057373932976,172,242.93058639904507,124,300.1860613224977,145,308.99801131464733,105,331.1748118430134,144.30,168
135,158,100.64218547997841,159,181.39124940961779,175,254.61617075550492,120,440.13955437054847,120,464.88452474743104,175,473.61181419857525,150,549.5636581690998,135,584.1168213297587,143,668.6837661456221,170,702.1699927790007,150.50,170
136,185,72.3756652907069,150,81.6920481174387,113,135.09654514859383,150,262.79573389639773,116,318.4907958755063,185,341.7563878553273,180,401.198977553637,110,442.34256994725746,120,481.5726411561764,149,628.6727908692161,145.80,105
137,119,17.185953675191616,115,78.72607766539303,119,131.9511434081639,120,148.380983116787,125,268.80123620794933,140,319.0131139889426,110,363.9527719300376,125,372.7816816985223,145,417.3197702234594,130,426.1532823049697,124.80,118
138,105,21.500386232396586,103,25.59411220600238,105,30.648528815621564,107,36.03313650984974,111,46.63980241197193,122,50.45605197915668,105,64.32459153113136,105,104.5393163406984,111,118.828208362778,117,144.54326121613548,109.10,103
139,111,11.655642133325035,123,28.594224380275854,111,138.75383687925853,138,342.1014276771994,190,342.65017875543623,189,344.853810150353,199,361.40336908568037,177,404.20303645043134,130,405.09577651551075,161,406.4514286290503,152.90,135
140,110,3.397482352246973,130,92.83062245750925,121,168.53933885662582,110,189.79859948836722,150,208.48008561868718,125,296.4877079782059,110,305.4241101719994,147,323.3022485810064,199,333.9551228016294,116,380.8338718255301,131.80,120
141,125,419.1280015594372,110,501.40417334210065,199,537.5915383648295,199,550.3419352900129,150,571.8319079957106,175,589.0358973056867,122,591.8679806005086,130,619.2042456125149,155,632.5586643671007,157,665.9851354541235,152.20,180
142,111,100.7920353444129,175,141.94501397237124,197,180.10596168792844,149,195.53279006005508,179,196.90180812470192,125,219.01734174580574,139,235.4805752937283,175,236.40943516368068,154,263.5636591312393,175,266.0184932770505,157.90,107
143,150,207.52387644145915,140,340.2131953315663,140,400.0833602093653,130,469.44190369521823,169,501.9967708488635,130,539.7519614096998,150,681.1594664744011,125,688.7227852658685,115,776.6175043609483,125,787.7452546304314,137.40,105
144,115,272.2622761152975,115,276.2753141864378,127,366.1586288448911,125,378.16791057748713,109,454.56952352330615,199,463.4527966924967,122,486.0274313283051,150,513.4996671196515,150,533.5625640988226,125,578.4307296902789,133.70,150
145,115,78.89441477547584,150,136.68700041881195,165,205.64737068009111,125,215.95806292542423,135,220.54849322712263,175,235.17430683960742,140,262.21506657992506,120,339.3420357645717,135,397.7274582458316,139,436.801133739572,139.90,105
146,115,129.84433964943975,110,138.00756426773043,195,236.07909184496552,115,237.66560883680316,119,244.01764784503365,125,299.8069001285726,115,325.0656085457165,182,331.8774814972473,105,337.27809992119137,105,352.4580433262884,128.60,115
147,175,95.11872193154962,125,108.98434034617493,150,116.19877553854512,107,127.54066256445692,155,226.05812990939882,120,329.49860821696086,151,354.164140768512,120,366.1308929177166,147,370.8548327673115,114,387.3078709053616,136.40,135
148,140,59.17747898908668,105,111.23862768159316,105,158.43840181774434,120,160.43019283341113,123,178.764430916892,119,232.08075450440168,105,233.94048537191176,102,247.00064900178484,120,254.0252462757456,115,308.8622831722545,115.40,110
149,160,70.5583672749711,120,85.49339901973693,138,124.6487866753364,125,300.08541124661673,119,395.988152761661,140,416.0616700503917,150,419.8005448576796,109,630.3122915686246,110,638.9133010973043,105,685.9535680365221,127.60,115
150,160,102.026775867912,115,124.6487866753364,120,210.02224606828133,125,263.0176942328196,119,501.33216130863855,140,530.7497818205223,150,544.3461904368653,110,671.3033610216526,149,714.4635327101321,109,738.984088346391,129.70,138
151,139,164.2008006236044,115,519.0636220240075,115,531.4718825830558,128,577.7004904948055,170,608.3593410180491,159,645.4633411834633,150,735.7531653748072,116,801.9544493469978,150,850.4998429716798,125,1025.4661219340016,136.70,169
152,115,228.6360271620504,115,313.4652300179,109,365.1313452935367,115,416.7543512153085,105,428.2060428947734,150,435.8224136460619,115,451.51656668293043,112,472.2856685596809,145,477.2057271405958,105,500.92795980952667,118.60,152
153,175,178.25376914628967,170,432.7196213369831,125,584.6026194696508,175,630.7129987586552,125,693.700382902194,135,737.9244189248105,135,822.3222831295553,175,865.7190555140119,145,894.9535721999131,150,900.9318854077791,151.00,125
154,134,20.200754987081247,135,482.5833352305341,135,674.1868473128991,106,707.4840607989128,129,752.3123577176484,113,902.183569491659,175,1014.7450218686997,159,1105.6747099177094,110,1396.7970058233784,175,1442.0479243035052,137.10,145
155,150,176.47002027244824,120,240.79489451048198,120,272.0502065600863,175,306.72470749817194,150,308.1149036015821,130,323.72368520075634,125,376.2151902490753,137,380.32214690007737,103,398.9388117154506,160,428.64144604299463,137.00,105
156,110,212.57153253213363,110,215.7380190595244,109,224.78721845869495,160,272.0621133414261,102,318.37071703872977,173,329.0235756661231,119,362.6438885042032,120,438.8897749224207,120,443.48769494352524,107,471.70207775310746,123.00,114
157,108,98.23227212002232,120,385.8942218904259,105,430.3461693125275,119,573.0952478053159,175,578.4488660496214,170,821.5796398210707,150,848.5210500532119,150,1082.45018916853,120,1336.2487177217542,150,1358.7443602622363,136.70,160
158,121,122.14482070604922,140,223.1711060988489,139,321.8745082179494,196,336.2299688443975,179,363.12153491963505,165,389.32466331653194,104,435.8456686850715,175,436.9094799729039,197,443.8929975996454,120,446.54459995178746,153.60,150
159,140,33.1475773323992,129,68.81042753781628,150,221.62127128602285,150,241.15293113192777,155,252.10432633519352,199,300.2644146201093,145,317.93282007442883,145,336.07593144413033,135,409.6569447439991,150,446.18682325385544,149.80,175
160,120,50.98954731971497,122,149.92580298799655,110,230.19156904525545,135,235.7789765471307,180,290.50415120348714,179,354.13890505900537,181,416.59527371376373,102,485.2784444114271,149,486.9590174037894,128,529.189524796234,140.60,119
161,139,133.08962814077213,136,192.35713209379264,118,286.7014118512628,108,319.3610911268056,170,324.7928209061255,140,371.77206800263923,104,397.218927940909,160,398.9074434900323,150,428.9364301193018,174,437.5390695293865,139.90,140
162,120,86.18898187053027,115,91.13947501311257,119,128.93359294571587,118,131.9511434081639,140,189.27284587702815,110,232.08075450440168,105,326.4302747395786,105,370.12467230404116,125,372.1514806430996,123,374.8759817200518,118.00,119
163,193,71.1238091771626,150,93.23301080440667,105,177.90772404988192,175,179.51620249476807,175,223.4631903633898,125,251.58422900304765,149,255.67589750780596,199,267.23749485398633,120,269.2449323643931,175,296.46294196639855,156.60,160
164,129,187.31134034336435,140,233.99396809872138,133,259.1934429198671,125,305.7405465596737,199,324.9260344646301,150,343.0083672636502,102,381.6526295660612,105,393.1782015572978,109,396.73976672852046,120,396.7509751655246,131.20,101
165,109,229.5351905374726,150,704.2578746672888,150,761.6738831270701,175,794.5246957114283,130,871.7981981739706,150,907.8861185956299,169,930.5084684472635,185,951.8643098710295,135,1119.1026634646564,120,1364.046400856522,147.30,110
166,115,145.07197385892738,115,242.3325209130137,159,386.8296106104337,129,398.92469153982387,175,578.2584435258768,125,585.8898914759986,104,647.090271425456,120,709.8252106003437,120,1157.3568551391202,120,1180.0403723191812,128.20,125
167,129,204.04791084687918,130,272.85610650580634,130,276.24305974697376,165,303.95939993584494,102,433.09080418438504,125,436.7215094425059,124,485.67301298434865,124,643.5495149470078,174,687.5887823286652,145,695.2831983151166,134.80,160
168,180,18.36233392414847,180,30.36796227884588,170,43.0529217965657,159,64.11714759115982,185,65.0836750983794,169,69.96034387814606,125,73.29979854658745,150,75.27977225531237,185,77.32789565602052,158,78.36554853999594,166.10,139
169,159,921.6300638461854,175,1309.0529743224336,150,1448.3165837689246,120,1448.5676829785411,135,1664.7919975148513,109,1807.6034450660318,150,1901.4282620243985,110,2007.0643098132805,130,2230.641514221898,150,2426.858835892236,138.80,199
170,130,78.95770025519553,145,163.9044389729793,199,179.9561041460687,133,183.2390332359123,165,205.0917653951886,179,225.7813345548255,139,254.61910942462717,199,256.4008217165969,175,272.6678409958474,199,277.3096727848954,166.30,195
171,166,46.760039887387926,148,52.88316351736505,180,79.10433283196146,105,87.11488792402162,173,87.14132559567342,170,96.48447918797217,175,101.02100661604,191,106.47078834835466,120,111.22185752313624,195,119.04415473315679,162.30,101
172,111,421.76356073097855,125,637.9873701665614,138,805.7814370096139,115,901.4685467516609,160,906.8944342099868,120,967.4478604152704,150,1252.806669723564,109,1269.9400021891163,119,1297.450322782686,140,1312.2649015061302,128.70,150
173,159,97.56462068862938,118,148.32155670872456,108,228.89495440667272,136,296.5538624987738,139,385.24006931274596,140,428.9364301193018,154,472.05942375304573,120,530.083534429122,104,553.7373491610757,103,557.2033858631758,128.10,150
174,107,100.7920353444129,179,108.18792884829467,139,140.43711247962858,197,148.51005517167258,175,196.74925477318334,175,196.76341761627046,175,198.66137826767428,149,240.80709283546702,105,256.3021278289872,140,269.5581108712091,154.10,111
175,199,117.45059446530202,125,226.65648525227778,127,254.21365175851923,109,407.997674228766,150,497.1893276713776,145,541.4844391992187,150,578.4307296902789,122,653.0353123012208,150,780.8012943201171,195,789.6255466147646,147.20,125
176,107,103.18743548699108,151,130.3132992938803,175,148.0084685811522,114,161.93739149397524,125,174.8596500181628,150,205.1302924544609,135,226.05812990939882,120,243.11793480345864,150,248.70882845204886,150,259.67095970228826,137.70,155
177,125,101.34922796501995,115,501.9787243903131,101,683.4893920435625,199,791.2331805072362,199,836.4702107659938,199,922.7656247449803,139,1026.4990326150992,119,1150.029324499432,199,1362.0599386855943,110,1420.7249202890464,150.50,120
178,139,102.17763296580276,125,196.95345948528055,147,209.54119111342885,135,215.53289533356633,110,242.37940521854344,150,249.34620300958892,135,261.647410731151,157,305.41843098941985,135,308.8314379702704,150,311.7183657746323,138.30,108
179,150,735.5420942353481,178,940.4342640401162,120,941.4830807519535,140,1002.5555058947198,129,1128.2482373091436,169,1241.756945967111,120,1269.6718909488989,109,1476.6779421727326,175,1480.0531054647972,139,1740.857511209302,142.90,139
180,145,92.2868394971483,199,158.3299670024835,120,205.74001731212664,136,227.35123545610318,114,254.05160295083573,151,255.34848848860247,150,288.07822220622086,120,290.8400716864291,199,313.3029355939326,120,328.53499839147605,145.40,115
181,105,195.35319025917144,110,222.35913891605045,102,224.09156978166672,150,236.2734107340761,119,295.528764261926,120,302.5466155119521,101,305.3222537888512,109,311.08507630983416,125,318.616969465368,119,321.12345913844206,116.00,137
182,150,197.7985781783472,130,237.59823950401466,185,278.09172226101316,105,628.0342393971625,110,930.5084684472635,150,1031.7996164322988,109,1106.582941361914,175,1172.226136355491,150,1838.0894255326584,135,2029.337582321992,139.90,169
183,110,26.552308372195153,147,88.84025297499068,114,113.64772178129328,150,137.97003052181566,124,168.02898226061035,129,188.5176881114879,157,188.8457446799637,134,191.04697008813727,180,221.8134130201784,125,241.08621272820807,137.00,105
184,120,127.15853758391518,120,169.91268820980216,110,193.5506699369513,115,232.02987258647033,145,262.98003349069614,120,299.40987327411744,199,357.3775393873295,199,405.812972585207,115,415.7430402063661,109,424.21015928450396,135.20,150
185,175,11.901143333425445,158,17.592880498749913,185,45.076734659098435,185,46.26192729921227,159,46.75782888261587,170,57.08243168139908,140,59.355173850814104,185,65.89333024730594,122,73.70953363207458,185,82.76270973969662,166.40,174
186,165,78.25510835435969,115,206.55299788030356,180,249.7751532151436,150,276.82685165217987,144,298.32855385482804,109,332.3013533072215,199,348.07942589949323,150,358.06735018684134,175,381.5491683985162,179,421.3591953631183,156.60,115
187,133,212.98105959023638,150,259.6968400142103,175,309.9431498141555,169,320.5762021211208,119,427.181003494792,150,489.5783232118254,119,504.2383901034997,119,523.7858484607623,160,542.5913465336606,103,576.291648335952,139.70,150
188,159,48.85322028984863,125,52.65478659430907,146,174.04957956512047,199,268.4088329123359,140,274.45802772272197,128,274.9576904421886,150,301.39218354147425,125,328.4810679800022,120,335.37647334728337,129,338.32883614655253,142.10,119
189,105,231.2146528384122,113,484.0543835783333,175,728.1316491916925,139,1027.1621121459486,115,1668.603743723904,149,1691.3709422146767,125,1723.88406682695,125,1798.6918228245468,199,1818.1074322372363,199,1926.5331620298564,144.40,150
190,185,8.641577469700518,174,46.26192729921227,175,58.162717419628116,158,59.63952650561088,122,72.59000346769909,140,81.90831765568662,159,82.26287876809893,185,95.95172357067399,185,97.06258815736767,185,97.30658470126542,166.80,185
191,120,85.98654531109482,150,135.74531771162484,105,161.67456915432916,119,200.87401627354515,125,202.0688258913921,129,224.24356497107917,105,232.11121412251674,170,232.37570263700334,105,272.70748349725255,102,287.9702479856678,123.00,109
192,120,108.36614900190348,175,119.0898494218637,175,158.67065956157725,134,170.01021053080908,145,208.35499944285837,107,224.56288213661736,125,230.6757453698204,125,241.69915598314904,134,247.90518722186397,199,264.8200515111798,143.90,139
193,120,338.55548019381706,165,340.9507380881443,102,408.94226893473166,104,431.25412240845105,104,433.07710369657286,150,435.8208771196378,140,760.5872602071298,115,859.9046014605217,165,875.5339146159015,120,892.3877941330516,128.50,175
194,175,263.51950771762705,128,269.3848653696252,190,864.675742671856,180,879.7338337696103,110,1031.8966540043234,145,1032.1005621360791,199,1036.2773020827105,199,1214.2739227044813,135,1288.6394601313198,150,1314.3931620351495,161.10,144
195,124,155.05229653834795,128,219.55439333848085,124,336.89499496722465,145,513.7654296289198,131,538.7209772577869,174,545.2453529044116,129,569.4675241840657,130,623.4688025733777,130,728.1589749112195,160,773.4612812878282,137.50,110
196,190,399.53367803861596,119,595.3116188085642,160,597.0977674983943,149,667.0096340609917,108,734.2290071719276,107,737.1613782304195,103,746.8507568595205,109,765.0574436054209,111,773.5172254474021,102,799.5133755422826,125.80,150
197,106,149.99123810144098,135,175.81113240625348,175,379.9556899647252,113,428.15060600092664,135,566.777912414846,134,748.5444127249864,145,752.3123577176484,159,762.5308334206817,175,817.0394131402144,125,849.4270384959993,140.20,129
198,115,81.12442968593905,199,154.23810036327097,150,167.56857704491244,135,186.57280084864422,150,188.65104707112303,180,244.80823761564264,145,285.3872167606877,128,299.71942312784427,175,330.89693182409474,150,333.7481866869298,152.70,112
199,160,64.00163950037371,110,91.83161106268462,173,116.45377258736066,102,186.68984480188357,114,212.57153253213363,195,360.3328076834187,109,369.08743120706515,120,461.26619741603935,129,515.5103397311415,199,546.1032421755602,141.10,110
